yaw,pitch,label
-0.03177682783663416,-0.01714283848925402,Right
-0.007310250864703827,-0.015946286931304843,Right
-0.06312194674487481,0.007043621525126498,Right
-0.06138677238530277,-0.05842054698917398,Right
0.002107201789259605,-0.06275430666241211,Right
-0.08459540800368026,0.030556315056801675,Right
-0.02364198287338437,-0.032697392757196964,Right
-0.03522232354535415,-0.07568451266581888,Right
-0.09620744230205536,0.046301810144747546,Right
-0.04454118718180433,0.07083169416519175,Right
-0.04518338312931558,-0.021130172479096543,Right
-0.11082819010430145,0.025230450436131258,Right
-0.007915625931769976,-0.027409540485001216,Right
-0.015712180607192483,-0.011009407986466657,Right
-0.015520561950539302,-0.05372993939954751,Right
-0.012929690631576896,-0.011430735845262996,Right
0.03269790115461868,-0.005573361933134624,Right
-0.03488339038159105,-0.03111994440011956,Right
-0.04442541942936795,-0.03677787876294236,Right
-0.0022675712248132474,0.12140148129461026,Right
-0.004108616140497179,0.0683944473617022,Right
-0.03102515511642623,-0.05421681240085152,Right
-0.0635076590870185,-0.014032866179870207,Right
0.039786794447475904,-0.04512029594022404,Right
-0.15592258013712645,0.0467569979226824,Right
-0.13467979387579698,0.04203164747559873,Right
-0.04481680471938043,0.057568784511126125,Right
-0.023566077749646475,-0.036385109919670366,Right
-0.056165968571852964,0.0061121117837054095,Right
-0.1214400057723426,0.013570513034670606,Right
-0.0625456541479662,0.03358167766798348,Right
-0.04042630116946211,-0.042590948904117965,Right
-0.03263810386990773,-0.0601812179330915,Right
-0.043067343570700745,0.06454739403202292,Right
-0.019758306854384955,-0.0012036245176539895,Right
-0.06642414283782316,0.03948329922378846,Right
-0.06797690126199529,-0.09418749011226746,Right
-0.045814674566068914,0.05962791902206921,Right
-0.14830878156745875,0.11103580646035627,Right
-0.007764515832492602,-0.01909445117569253,Right
-0.04060655543977576,0.05237076924968165,Right
-0.02559507498549274,-0.08259234293859585,Right
-0.024933923392562285,-0.017493237473972023,Right
-0.026597963394852875,-0.05913124148209048,Right
0.010542025781041575,0.008677909191180722,Right
-0.06817043154321234,-0.013708614647519268,Right
0.03672588060321147,-0.005400433164584273,Right
-0.06035789700950833,0.009283636881224466,Right
0.009992016679263416,-0.052414964686958054,Right
-0.09702842241838161,0.0737848624510603,Right
-0.06840787082391042,0.05674589181510392,Right
-0.010782713554504886,-0.0025488295119100446,Right
-0.04025431003308355,-0.0930421167255785,Right
-0.06281892296468583,0.024850292342498803,Right
-0.034505794141732604,-0.08756075236720395,Right
-0.030833887998319542,-0.05873556181968209,Right
-0.07598289067497022,0.05772097142389698,Right
-0.09374759773133368,0.01658168188302589,Right
-0.12579498280050627,0.15135408843516762,Right
0.005415913765155933,-0.04370383473906325,Right
0.0411483059994443,-0.06498963672369762,Right
0.006201981300947845,-0.014698974234282236,Right
-0.07117673204545893,-0.05333182680017212,Right
-0.0468239688327069,0.012730220547345406,Right
-0.0016555901257628847,0.011871204154137338,Right
-0.022641357524196604,-0.06006922075741128,Right
0.023256801838837382,-0.04281163396550114,Right
-0.007578312292411571,-0.041208270212354514,Right
-0.04976769899715794,0.0003402683078196356,Right
-0.16245909546957704,0.08738589294108423,Right
-0.03315813338471263,-0.013401566489730121,Right
0.002694586735836113,0.06270166461828819,Right
-0.07298744755341724,0.022948635698704756,Right
-0.11663117244257282,0.16086371809943523,Right
-0.07703058586838196,-0.0040189695497692135,Right
-0.09896341818465637,-0.044271356745951396,Right
-0.05689439057513568,0.040391207790022365,Right
-0.04614225614136236,-0.031004702392225192,Right
-0.0023580379727730083,-0.01802491461583111,Right
-0.03554847062561528,0.024445944580007595,Right
0.009232077815553463,-0.04975399345213338,Right
-0.08174026072996399,-0.0017956813641764047,Right
-0.026043519322808684,0.006416893599501039,Right
0.07061500655892738,-0.04294254938608877,Right
-0.07593107070604,0.07958290251462352,Right
-0.009148132696038425,0.002542655895411916,Right
-0.03200901716663629,0.019785665365762095,Right
-0.04627547975892787,-0.03966829735629418,Right
-0.06485436394645894,-0.0205965466785889,Right
-0.09194832026460098,0.012274627396919646,Right
0.0016715650577910912,-0.07973768957215543,Right
-0.09135621711671671,-0.008904623917476595,Right
-0.0805860333824987,0.048770747223875865,Right
-0.0843792072160422,-0.026964862612529727,Right
-0.09019418996028028,-0.004599935254429255,Right
-0.008157967173391012,-0.04888496828174638,Right
0.005228892902619742,0.0029453558342797947,Right
-0.06308273720667168,-0.046764225352862065,Right
-0.05829752113370179,0.019690049733816162,Right
0.0021263966794738964,-0.03397648368027506,Right
-0.034411106695238836,-0.04150891847763316,Right
-0.08253209147119067,0.030228564227913424,Right
-0.03210939332298668,-0.08018291900473162,Right
-0.10425812165131709,-0.013418822356732196,Right
-0.09720391913397819,-0.03811534473289113,Right
-0.12230593223733699,0.07595333895611,Right
-0.029740425675942594,-0.015861189516690466,Right
-0.02078617503544422,-0.03349066450455784,Right
-0.023576178921041357,0.0317817604552767,Right
0.015004370240932596,-0.03812541623331167,Right
0.027455174628162715,-0.09622556947159655,Right
-0.014294525246250966,-0.0639728268915346,Right
-0.048685292441214,-0.07731911627912569,Right
-0.052698190123975475,-0.07931793861517422,Right
-0.11094048580463733,0.017178127240180086,Right
-0.10703818399023246,0.113243662178245,Right
-0.11897665240672584,0.013571998450320977,Right
-0.0740407194256334,0.00921288118862107,Right
-0.031883100861796465,-0.03866761027036503,Right
-0.08227449090518146,0.0030500169518886677,Right
0.0017180079842699092,-0.06740325396062452,Right
-0.07351391249128636,0.04640953147534499,Right
-0.0978970158585113,0.0847158419945373,Right
0.0030686212098809396,-0.022836973967173546,Right
-0.0030258366778775914,-0.03601911317297202,Right
-0.01460590154162733,-0.04191420109926547,Right
-0.03864581484152707,-0.05280547668047009,Right
0.019067084048162153,0.020913960741448245,Right
-0.08029800581663404,0.023923042016362528,Right
-0.007391762351009912,0.015592911422925515,Right
-0.037689575009332565,0.03727648540738904,Right
-0.07351980746444409,-0.012750247391184244,Right
0.0025817258363689533,-0.007677392960301455,Right
-0.006976036102306238,0.012305998557673448,Right
-0.07494051906428478,-0.016096972664591536,Right
-0.01547257851301631,-0.0016812551667206854,Right
-0.024473918586225385,-0.017650784810782638,Right
-0.09864484372235194,-0.002299280823273575,Right
0.023964359165134286,0.0293733476555057,Right
-0.053733838036345904,-0.013181278593246804,Right
-0.10366499372764704,0.05960235538190817,Right
0.017692885565263827,0.032883387686838295,Right
-0.03068749418837602,0.09419297055808651,Right
-0.009019876926291803,0.06512905961058468,Right
-0.08290939749518944,-0.0029017514454527937,Right
0.022248771237586173,0.016451633355180295,Right
-0.1050066294792057,-0.03448364950082816,Right
-0.09906638607277163,0.03008015152193433,Right
-0.004161769215714428,-0.07222097707051844,Right
-1.3915662143038077e-05,0.06512156163449967,Right
-0.1299011225640585,0.011445684955051272,Right
-0.06819184345166895,0.03212232087952349,Right
-0.08322643771594085,-0.006132282823941626,Right
-0.16883824010620518,0.09506043096647065,Right
-0.06392419672661409,0.011135062588860434,Right
-0.105122402397272,0.08249105227149856,Right
-0.07121350344428479,0.013309027619234581,Right
0.012350952264939985,-0.044207849527439835,Right
-0.07399344766284166,-0.037533538965243585,Right
-0.051425581539964016,-0.004147505737660873,Right
-0.06456276818182372,-0.02392838022866406,Right
-0.037914463204224425,-0.014357853410219223,Right
-0.08596382617955733,0.01888737121329831,Right
-0.09603276291490048,0.006310677445499735,Right
-0.06534639812028065,0.0636995568949903,Right
-0.044246621426944466,0.07217024102200709,Right
-0.05340291978740519,-0.08932576084851407,Right
-0.0549573716415761,-0.01834228750944422,Right
-0.0014663733253765798,-0.010686480054017844,Right
0.0012326684385934872,-0.05117195027217247,Right
-0.04243787838125024,-0.001216196644666323,Right
-0.020909353988782575,-0.0642688088969876,Right
-0.0061745588434714005,-0.04094030816248739,Right
-0.02836695129624578,-0.06727158468150307,Right
-0.06503176347747597,0.04014535113453299,Right
-0.085506380897302,0.11980319251081328,Right
-0.03830505476664081,0.06298559077595822,Right
-0.024554706936199988,-0.07443030241565896,Right
-0.008271965312438567,0.042052908291766555,Right
0.022874361053306536,-0.0338744379398106,Right
-0.07937096766657403,-0.03137212099215003,Right
-0.04220486342161667,0.020829255912058753,Right
-0.04022880935147177,0.03359025016200279,Right
-0.01120981333415938,-0.06413079914169773,Right
0.0451074202861953,-0.06925722828264502,Right
-0.03969097932549803,-0.03493494646827355,Right
-0.09189641523411562,-0.0018877598098026027,Right
-0.011524214324658888,-0.05287513705827662,Right
-0.1073164319457931,-0.007242959999650189,Right
0.12039305311803472,0.024491434235479503,Left
0.014849410626745052,0.049480938534280594,Left
0.06465143432136522,-0.07328344059797143,Left
0.0018630330571888232,-0.029768640856782214,Left
0.06589296178021042,-0.0033554191832319002,Left
0.03376659793785186,-0.010890639658941659,Left
-0.0102779839001933,-0.042889488291898314,Left
-0.010784880980492906,0.0006774616427851488,Left
-0.01840103827571926,-0.023064853503561467,Left
-0.0058934994851052025,-0.014834824851761463,Left
0.01897674306468955,-0.039722396861223364,Left
0.07788968402460661,-0.0676370512909894,Left
0.07386825388795304,-0.00956060769669409,Left
0.02486981752877848,-0.022452144717823086,Left
0.03556664482599092,-0.00810349639102459,Left
0.05515998321493598,-0.037796909561416125,Left
0.06343061539253136,-0.0001990722220457375,Left
-0.0630304920917577,0.022943360879898123,Left
-6.419531369794562e-05,-0.06646384632203306,Left
0.06189988387290535,-0.03400944442606968,Left
0.03693847416918339,-0.01276518413278871,Left
-0.011470839400751554,-0.07705089575512447,Left
-0.06226966933450395,-0.0338294949076382,Left
0.04094610422092926,0.028349396162275164,Left
0.1310493606192923,0.013006442909869853,Left
0.09020368817757263,-0.013980074022301503,Left
0.11976963682442121,0.02334369076530085,Left
0.07661779644875155,-0.07989826979214842,Left
0.0347199672944809,0.12719688486460123,Left
0.05421720993899348,0.051320553585989304,Left
0.07972086879952334,-0.011864366679715133,Left
0.11595356396993661,0.046399691793810094,Left
0.015513174335793134,-0.03880462471913737,Left
0.05225390041694156,0.0006126654323613812,Left
0.05355621724689752,0.019133314258772627,Left
0.05821280142289509,-0.0855766321111383,Left
0.12809539654413038,0.02541429284303831,Left
-0.016314771235954484,-0.04127364935818045,Left
0.0447651717080243,0.06544955322300372,Left
-0.02434909412402031,0.11786136862404206,Left
0.12446390460909273,0.038143652804006334,Left
0.14464124913926335,0.06764200559376843,Left
-0.018567948349810792,-0.0017081762424615565,Left
0.034633364079364126,-0.08864278365266254,Left
0.003701007707255788,-0.006214139798930707,Left
-0.029489071537136535,-0.028139085104593065,Left
0.04292574955905348,-0.06176366723688509,Left
0.07287436879298137,0.02573722189319627,Left
0.06491883415611643,-0.01206164122645137,Left
-0.01683386904882722,-0.12440070667169556,Left
0.05834949609009776,-0.02515669474275073,Left
0.049557106130197814,-0.0024558920527109063,Left
0.11495697526418025,0.052518851348965834,Left
-0.01817535742407439,0.016707832731005734,Left
0.030396126472834184,-0.07739364818308825,Left
0.0521816443087183,-0.07311046875623295,Left
0.03482163551503059,-0.03416748883326559,Left
0.12831435493663546,-0.009327595486624762,Left
0.12337513171256653,-0.057534475175653355,Left
-0.0037060582288613864,-0.06165905266487037,Left
0.0016068137775305802,-0.0012303994089767345,Left
0.04782360208884939,0.001135661865038995,Left
0.020722605967422036,0.010551057694122346,Left
0.037256900043923125,-0.03175718365837299,Left
0.030864478302089826,-0.04048331545790218,Left
-0.04146706004766365,-0.03781640143410525,Left
0.055721362725285606,-0.10816391577330275,Left
0.10218007073284852,0.056515365665608996,Left
0.10057471244590754,-0.06888683215765667,Left
0.0943494755852815,0.026421714520467154,Left
0.0855713633162638,-0.029958666368688602,Left
0.0037298406333416967,-0.05542020942699688,Left
0.15059108882057004,0.09200606907213915,Left
0.05396028320972246,-0.06518380322735506,Left
0.017346113510333105,-0.06611586328941732,Left
-0.01073960421124831,-0.010764525936618363,Left
-0.0021072081566194667,-0.046708730762910045,Left
0.015957044100722073,0.03944423443334255,Left
0.09835186069242652,-0.00956598594302771,Left
-0.030580392073953355,-0.014644741981646558,Left
-0.020882672854067752,-0.06021109291459226,Left
-0.020967808488396966,0.06255215363363564,Left
0.059366360327225975,-0.06644883066888752,Left
0.12095826943533583,0.00789186384842866,Left
-0.009365138679042762,0.02596419445707987,Left
0.04020288080812595,0.00931224218976634,Left
0.0981175784488143,0.01626674417066931,Left
0.023262482677068208,-0.03578664785045982,Left
0.021715087214929985,-0.07611402605940787,Left
0.11790962995494247,-0.05219586198465376,Left
0.09621590030421878,-0.00768773821750568,Left
-0.012167716455840583,-0.0035779810719274163,Left
0.0794127280516701,0.023702780292357173,Left
0.013801918053670037,-0.062360816727895285,Left
0.0007668168690228017,-0.03248585211094135,Left
0.1514277736521693,0.015550049073780214,Left
0.05938618178991717,0.020372598046608847,Left
0.0910194520969072,0.013023076094112906,Left
0.02842914801441232,-0.04470301891304229,Left
-0.006413135073766729,-0.07349531999753267,Left
0.05696665909147003,-0.11873862682040626,Left
-0.018891237410594397,0.04164485041330579,Left
-0.04504674058831837,-0.03860754275937839,Left
0.0429710136038024,0.10070065601161149,Left
0.01821535924508033,-0.09767268340715574,Left
0.055609840232356045,-0.015673715707462788,Left
0.022556895319447712,-0.026918066349087,Left
-0.028662881552935948,-0.11303403281448521,Left
0.05337424647209099,-0.10341660847634349,Left
0.06627056727189573,0.22188736021133704,Left
0.054309856700237025,0.005508887577871158,Left
0.06774030714889379,-0.019785597170979607,Left
-0.029482781270941616,0.08582920422435258,Left
0.038950066994768995,-0.03675583588190012,Left
-0.01659803571021179,0.011525688245494936,Left
-0.02609531048458169,0.022317331737569557,Left
0.10148059065941417,0.035187898710707044,Left
0.01229895999282371,-0.0050058956550020905,Left
0.003757502292808801,0.08909505559273523,Left
0.1538097433246033,-0.06733075951014494,Left
0.024827796878849506,0.023533768795751975,Left
0.14006943070605404,0.23279322197930563,Left
0.04757772879091893,-0.04713309413514055,Left
0.08155161056359983,-0.026349100784106794,Left
0.08067002095221987,-0.048059293229049005,Left
0.10674124544848052,-0.0885044322271461,Left
0.007081891498624482,-0.014689701427446966,Left
0.04953448059921073,-0.021152294709663733,Left
0.047348854595462564,-0.010157408435524262,Left
0.11481245802311957,-0.026938075945170947,Left
0.025485267406066936,0.21925616475743082,Left
0.0616468675934958,0.01771757159951748,Left
0.055650163505331696,0.0025483042294106584,Left
0.1131403316968872,0.03783179926193114,Left
0.104417954472945,-0.04166357122644132,Left
0.018111816371417233,0.01598330309621654,Left
0.02780584270272002,-0.010231332692238415,Left
-0.01611063947419289,-0.05110027465143052,Left
0.06419302682590577,-0.036163742409576094,Left
0.020286773400137292,-0.031182135410743328,Left
0.03567853724199532,-0.016172904740130778,Left
0.06157918017429953,-0.12547888113221384,Left
0.019331450713726217,-0.015583084345018872,Left
0.07782335814564789,0.004687943043852227,Left
0.073377881836162,0.05526005803080447,Left
0.08946908928190378,0.11566324502080128,Left
0.006658404818590147,-0.08987953087320533,Left
0.04755983085328386,-0.04832788580530423,Left
0.05535144389413316,-0.01423871766222129,Left
0.07212742623910895,-0.03769150799183796,Left
0.022368410212237788,-0.045276986066413505,Left
0.04320511456650833,-0.016031213956083756,Left
0.09523921304294325,0.04634516603868244,Left
0.029541661346875414,-0.023260836317746447,Left
0.09275573824190786,-0.029688060149998585,Left
0.09456535319867276,0.014401542642808907,Left
0.031000301035361555,-0.027307146393061532,Left
-0.01793112893718196,0.054004033778667915,Left
-0.04644610517838821,-0.03681483185751877,Left
0.07199166852047156,0.018426762522080642,Left
0.14884622017545934,0.012310392620984212,Left
0.008481355021667691,-0.02668680004839552,Left
0.018822487229986473,-0.016927325629997214,Left
0.06469999492822309,0.04755023715116058,Left
-0.040229549476524906,0.00484605946783323,Left
0.07734091600703685,-0.012890889906364444,Left
0.04883353019477321,0.0517489549176644,Left
0.021213741582279733,0.03269444197197324,Left
0.036803182528686196,0.0030698598170210145,Left
0.07485058901233321,-0.0663952637474925,Left
0.02387203298200502,0.00651808503118978,Left
-0.03211727080608251,-0.05460716896822437,Left
0.09879593998511782,0.05503021418539533,Left
0.023844397971802156,0.06876824267079595,Left
-0.009919566322524553,-0.03800845276281262,Left
0.06687584152447457,-0.022001084264095083,Left
0.10525762493081858,-0.005740216001275833,Left
0.11168626202561094,-0.09629782069041748,Left
0.07601841431078349,0.02468511971854992,Left
0.027314155862715683,-0.060306389694485873,Left
0.00828742322323861,-0.09740473114400772,Left
0.07402716975925072,0.0072423391233730205,Left
0.0926159039151343,-0.022994219087511425,Left
0.0331939002503584,-0.09161024948707364,Left
0.06344788829565506,0.0886381546081213,Left
0.09275071939677515,-0.05189328187609621,Left
0.022456637452256012,0.04729028550989922,Left
0.03005292040845653,-0.021472048151862988,Left
0.04911303391526367,-0.08035839710873827,Left
0.034342294516409355,-0.021076259714604695,Left
0.04713912301223522,0.046486300250891066,Left
0.08823474026878919,-0.04365742413822604,Left
0.10956337870657606,-0.044044409216450364,Left
0.10767682833955694,0.035580455061061333,Left
0.10139712941718237,-0.013608013781492678,Left
0.088419762385755,0.0009222747745515347,Left
0.02762546103503949,-0.007397940550632254,Left
0.034618522457288914,-0.029688034945466568,Left
0.031379913865813513,0.00907271175529134,Left
0.04779362906251472,-0.03971849751690171,Left
0.09734512274939988,-0.0027957612030627965,Left
0.026324986939677775,-0.10605332182075555,Left
-0.05337722524283117,0.02477334397766251,UP
0.02702923601780982,0.06861067145019495,UP
-0.03148961573426989,-0.002911686607764863,UP
-0.0019997475866943004,-0.017609826818225094,UP
-0.02454628513169521,0.025747993102260835,UP
-0.014407642409625221,0.015278482272851779,UP
-0.0016507329255112113,-0.03392736595497303,UP
0.012773448645041041,-0.09460361418810548,UP
0.05078831100133907,0.04071772907689941,UP
-0.013065197944547413,-0.021155873665894664,UP
-0.014006106730719448,-0.030951143648165758,UP
-0.09181590204598233,0.019365765828950887,UP
0.024319123788008157,-0.036806000891664414,UP
0.019997746825833107,0.07929866139890562,UP
-0.033988973210650086,0.017944580090955897,UP
0.03832574290948498,0.051376033592487325,UP
-0.01308008395023752,0.05066696986653563,UP
-0.016589354752033048,-0.024994164601826463,UP
-0.06568581615699975,-0.031554218739911266,UP
-0.0029478967077061213,-0.04629340166847662,UP
0.031725488100544985,0.01563023172933531,UP
-0.05628728054009324,-0.06090840564257605,UP
-0.021146621825436696,-0.008633383415668439,UP
-0.05464519735891438,-0.05305823378701635,UP
-0.018958170627491167,-0.05529907206226525,UP
0.05233218022723196,-0.06405273150166635,UP
0.04294380133039577,0.06273019617765141,UP
-0.0247886307865558,-0.021815769018785014,UP
0.030386939392191503,-0.015168122803984607,UP
0.0014021629674836333,-0.07500848214708311,UP
-0.013381248368823262,-0.027787358787009997,UP
-0.021149146779179007,-0.02110390884613178,UP
0.004398693469729098,-0.033176048033757954,UP
0.020761841250555024,-0.018555914366966464,UP
-0.041686920749904766,0.01736635436274714,UP
0.15304457759242396,0.12426956313947746,UP
-0.0350519121604308,0.008403859457910556,UP
0.00941695855262803,0.06784038363374456,UP
-0.010314561232784847,-0.039468378135848914,UP
0.006330388629355865,0.026678125324237967,UP
-0.013008055972613564,-0.0295579997380081,UP
-0.01131529067150161,-0.029307426888517507,UP
-0.050881142334487595,-0.008485834325956954,UP
0.006202066311623899,-0.0680147950601302,UP
0.03386274904110609,0.009050143806358935,UP
-0.00583772683437167,-0.05758298992697253,UP
-0.04863563716170882,-0.02823850205479128,UP
-0.04747340614811857,-0.013480705198325116,UP
-0.005457421033700727,0.027568352500537907,UP
0.0010800122693622738,-0.045161601210298996,UP
0.0037110160062937547,-0.08977562822805618,UP
-0.007131173041038608,-0.06757549517243167,UP
0.025761675969527165,2.73551386387183e-05,UP
0.0010971241691644096,-0.034727612451303846,UP
0.009936508839641922,0.023755473438848207,UP
-0.0016080361871460003,-0.1269403928763273,UP
-0.008155592099289621,0.0016794561148769649,UP
0.03014781498689001,-0.09762214628372745,UP
0.09502214631316686,-0.034951999794383015,UP
0.01750036073139194,-0.05953270180838055,UP
-0.04841936658572776,0.03201171409913528,UP
-0.019974613847499212,-0.04706782454691316,UP
-0.06994071026934257,0.06345303768633714,UP
-0.03311503996866705,-0.0009784999745539036,UP
0.00346740858070127,-0.036460919275531634,UP
-0.04256587217683505,-0.01014794962020571,UP
-0.03095306403418996,-0.03762829431805348,UP
-0.007152381984026346,-0.04863476690409663,UP
0.008590138597271535,-0.10659947850807316,UP
-0.05412529426415036,-0.020938597015827454,UP
-0.024274548089594505,-0.026565828174028194,UP
-0.04323537639545971,-0.011655506376498037,UP
-0.002646481131428735,-0.018913075515232025,UP
-0.017679542790098646,-0.09554068924314962,UP
-0.0006521343378788069,-0.009535902643044825,UP
0.05718091968620398,0.043430243176375116,UP
0.0020597156564677865,-0.026976342526148667,UP
-0.10537591086218112,0.07604669333873437,UP
0.029782270849143977,-0.06177203384215957,UP
-0.02765297497173025,-0.06716437695254329,UP
0.02466018105668133,-0.04782624259637336,UP
0.000640780987663736,-0.05258984521677812,UP
0.011245033954646932,-0.08095491436818258,UP
0.004173541154783522,-0.037992633167508116,UP
0.005298048789502907,-0.09332168254538187,UP
-0.008238594466076221,-0.05186380225069198,UP
0.005082702828715369,-0.025232667050506086,UP
-0.11039954988474798,0.031493250334553746,UP
0.01961955656906811,0.03701043590859299,UP
-0.008981445134134236,-0.04821650787674947,UP
0.021112134110354952,0.05032793508142497,UP
-0.018574471364298684,0.011615126108209362,UP
-0.02817624740237279,0.013959913192937323,UP
0.049809058804454076,-0.029512682924535127,UP
0.01482906312660548,-0.0200705449807278,UP
0.027194351111783144,-0.03696907914066494,UP
-0.005129338584020204,-0.09528176074897687,UP
0.016360269874165945,0.08400332971209501,UP
0.02637588334084151,0.040326467695912416,UP
-0.03510450767131834,0.03298983809596334,UP
-0.013302931655918449,0.02996111422986847,UP
0.01353854088691675,0.03127850252916853,UP
0.011804385130032236,-0.07377139192183035,UP
-0.03469729563853785,-0.0016282786032780772,UP
0.09112090294304365,0.016278944082798952,UP
-0.03384365660810118,-0.02603546987491534,UP
-0.009456091828581425,-0.08357960139982046,UP
0.029832878618188063,-0.07918698743431152,UP
0.0050038969550860735,0.008987641828435255,UP
0.05608691275192368,-0.060745358195338106,UP
-0.0063800453664858425,0.028150657950621993,UP
-0.01907857860502793,-0.0516557601812343,UP
0.009780367031777093,-0.09702825233124235,UP
0.003953225292012474,0.032002180299918526,UP
0.008906025648163673,-0.11247653040861982,UP
-0.027025237617246622,-0.09400805783850985,UP
-0.04648483577864737,-0.01618082712990032,UP
-0.0035246919199037885,-0.012811449838893707,UP
-0.01777034087835594,-0.0036605684933305183,UP
0.014097807673766227,0.03625974354371331,UP
-0.0005127254314194474,0.00035276887064294993,UP
-0.07494873425450899,0.009945131894421477,UP
-0.07288176761670817,0.03340771557898403,UP
-0.03165880586543668,-0.008469759474793559,UP
-0.012614411399026082,-0.061925236563653674,UP
-0.014519900585715506,0.01599148397807204,UP
-0.0016080562669184006,0.02217305659806945,UP
-0.0031148797611353363,-0.06044496733071891,UP
-0.013732234547410793,0.029549489372658222,UP
-0.02057413283858711,-0.03237327306224236,UP
-0.010457568428023811,-0.006882008033678666,UP
0.00025142173305570115,0.0024877761117374497,UP
0.002414753180690843,0.019594015893532823,UP
-0.03164387050442152,-0.025458548534231018,UP
-0.022015713266268055,-0.0060189062909804525,UP
0.024264722562788554,0.002302266714537482,UP
0.060225394704475965,-0.02936757913728172,UP
0.000981765243867505,-0.08986513048254408,UP
-0.0019597164797080513,-0.02472524866532244,UP
0.013379691935891946,-0.01264071150290813,UP
-0.10509012731030198,0.06712779641480326,UP
0.01718904090258455,-0.011586275408523194,UP
-0.014914048542553182,-0.01634263724128515,UP
0.01018454727172391,-0.060896500726506986,UP
0.011902361756417124,-0.07381521671179225,UP
0.010036468848824143,-0.018505968667116512,UP
0.03101921290379006,0.04158447234785734,UP
-0.000601231978651473,0.004274906148197033,UP
-0.0016655984886426722,-0.044648716562486146,UP
-0.05170449718528736,0.019775953066151097,UP
-0.037778742530334086,0.027674981460983128,UP
-0.004060260422072748,-0.03617194748661656,UP
0.010778224917535328,-0.08487169982125564,UP
0.015395578108105434,-0.013085488788645794,UP
-0.004310151186088573,0.031203798066464894,UP
-0.02749818948690197,-0.03171412830120057,UP
0.004662754419202497,-0.016670066119724547,UP
0.011925460254541886,0.007175752216863174,UP
-0.013854854876415468,-0.008841036117750223,UP
-0.0753457035000139,-0.08452719351163962,UP
-0.019760055101916696,-0.0030979065180556375,UP
0.0019921239682189062,-0.05336512382167491,UP
-0.02488496852929678,0.04312968996876143,UP
-0.003150380059546487,-0.11605165462666145,UP
0.02014751261623071,-0.07291342750597984,UP
-0.005281566240990743,0.060030586249553486,UP
-0.0021071211433706383,0.02598499668809473,UP
-0.032069993900646465,-0.02678749381970391,UP
0.025005631603401635,0.013410696157207247,Front
-0.01541368529955256,0.008636199327172966,Front
-0.035130581161199714,-0.028208887193796883,Front
-0.026678715272395737,0.008888353773032986,Front
-0.0007913855611971776,-0.016010002325353323,Front
-0.001664403500732714,0.01545517161883403,Front
0.02473134082679096,0.04789489821694126,Front
0.010292106147484548,-0.031032861394197697,Front
0.005677576580995991,-0.05469900966396435,Front
-0.021989230334911514,-0.022737854349398345,Front
0.003843540386048394,0.004200545018796964,Front
-0.00357707097199067,0.006707802300454313,Front
-0.011735315098837962,-0.012552194837751385,Front
0.00209526702314744,0.008117873341684123,Front
0.0005403225072321272,0.07702566155004231,Front
0.019464889264494967,0.029177354271097022,Front
0.005352581071216389,0.025774573313791627,Front
0.0037850394039753432,0.08437321637854678,Front
0.03811551027721949,0.0585710613664816,Front
-0.0334650380535495,0.040572156449208974,Front
-0.015655221624605975,-0.022231816346700795,Front
0.01391128154573551,0.03555712182360571,Front
-0.004626713240220348,0.027529076416094256,Front
0.002462525447071262,-0.039901361422112425,Front
-0.012323107943883471,0.03514266179041714,Front
-0.012980229212747108,0.03385841631923747,Front
0.020289782233731568,0.034027457087523194,Front
-0.02559297075044875,-0.039634245522473854,Front
0.014860572210095735,0.03949680570895009,Front
0.034430566176054445,0.028944874109684382,Front
0.026751027583433062,0.045185702111808834,Front
0.029818391009687417,0.08679471537678829,Front
0.006623701564438034,-0.04210785474020817,Front
-0.010337322389799564,0.05117751608577692,Front
-0.02645147444183482,-0.00562334942561582,Front
0.021674712651770345,-0.01069891915841581,Front
0.02053771742851962,0.0010301941302419682,Front
0.006835318591195461,-0.05478107236946472,Front
-0.004580893952437548,0.017552156201902425,Front
-0.024700778570110993,0.0008470820241515131,Front
0.023543697550394316,0.020880497464236147,Front
0.015080798671004203,0.11701935646912343,Front
0.013646976791450549,0.026536887218253202,Front
-0.0011573830924570538,0.003149889330895994,Front
-0.00610088142002041,0.016405659106854653,Front
-0.04079118700196538,0.09039887602052543,Front
-0.008535455997445984,0.030923925540213837,Front
-0.012373227238675844,0.07069107895461735,Front
0.01623295265256075,0.10023277094394734,Front
0.006897209620078226,-0.03515129635266545,Front
-0.0017586335494151895,-0.05953467946124824,Front
0.022820483008636927,0.0420764640451361,Front
-0.037477013168889295,0.0688876065041476,Front
0.026990712821333696,0.045134724758171596,Front
-0.0328898493187153,0.04782149113013667,Front
0.015461543090102059,-0.020927970891682524,Front
0.005488345213047641,-0.04135695826630448,Front
0.0093124301428964,0.03188307913931665,Front
0.0038087698021110894,-0.0025086375918461634,Front
-0.016877009633356144,0.03126787974387435,Front
-0.033147361908674955,0.038784067950322854,Front
-0.0011255035390597135,0.0021013566291039343,Front
-0.02746091611660284,0.037654182984966256,Front
0.02929601820579608,0.040396964116559686,Front
0.007250764493658135,-0.002673245613782793,Front
-0.016039955094517167,-0.010461153950969804,Front
-0.013348757469181738,-0.07420098632516126,Front
0.035702558666788176,0.06301192678279977,Front
0.016011305990025315,0.10244713573106534,Front
0.0017089178322782228,0.04025500678732641,Front
-0.003933559333823333,0.028060080418177424,Front
0.006807968642033813,0.04310310282345897,Front
0.03506709735914593,-0.018974414655232308,Front
0.03793942093540659,0.056291259294830365,Front
-0.005751304503257226,-0.00806381567476444,Front
-0.02478627613823081,0.015077672653224794,Front
-0.02415580341390422,-0.006897290995870886,Front
0.004733259091667663,0.04233005868060358,Front
-0.025648937303329178,0.018936305331719527,Front
0.018789628543563475,0.0805628996004315,Front
0.026224381054187895,0.07724288635860876,Front
-0.01703391122663378,0.0020398349827857043,Front
0.01639388345804893,-0.011335137558673658,Front
0.029727994803684488,0.021601628043059096,Front
0.004763978593123164,0.007161558759729569,Front
0.025190960272668206,-0.04558301207072313,Front
-0.007191207580699355,0.05409332286188606,Front
-0.012861509078303857,0.020530240228170737,Front
0.010247880794567288,0.09475614337077398,Front
-0.026678693740274984,-0.027720795150408817,Front
-0.0215820442453879,-0.015922254636883126,Front
0.00634275770161874,0.003017747096547563,Front
-0.031365238936886586,0.03278152082496966,Front
0.01641055020405713,-0.05606488934296361,Front
0.017072386234266768,0.05268138618852669,Front
-0.030644900601317082,0.015230114712745269,Front
0.035570523983008306,0.0692625194870109,Front
-0.048341270714815976,0.046944525549026395,Front
-0.000648514724686744,0.0013235880326092353,Front
-0.008606629301949664,-0.04460450493409662,Front
-0.019558282638132196,-0.0037787229907265685,Front
-0.040639749126057945,0.04594241679425648,Front
-0.0027490608827959173,0.0616363860571697,Front
-0.0008047452568593627,0.00304446062382413,Front
-0.002137520970035389,-0.007607369855150203,Front
0.010608082278022457,-0.057568178827798966,Front
0.002515420654287226,-0.03434681230034464,Front
-0.009999268866484168,-0.028535584900687083,Front
-0.022377318796622303,0.06539212021572527,Front
0.01396121906270964,0.02612486504448741,Front
0.017482908565470856,0.05250050736272582,Front
0.0034641089499015676,0.025683399226308468,Front
-0.0036399262787856212,-0.009122606254087229,Front
-0.005397507453772099,0.022422212105399075,Front
0.017798832503433615,0.06348291321033883,Front
0.0206649676144407,-0.08569773703119532,Front
-0.003345231825408246,0.018545712154515503,Front
-0.011729224358847934,0.012048719000022023,Front
-0.0036942822274019793,-0.06728977068123032,Front
0.016038317268238456,-0.0579007355839114,Front
0.037722620967561626,0.05531940436129357,Front
0.002877294077093806,0.03849862541259541,Front
0.014011154872272669,-0.03583462929334047,Front
0.02470167898945841,0.047883608213147966,Front
0.05467296134949162,0.027130811156536705,Front
0.0025178334344284625,0.05861643242974368,Front
0.003372759869526454,0.04615643152521787,Front
0.028682584072122985,-0.15654314151658394,Front
-0.007666771790275861,-0.07641067345048014,Front
0.04123608643818555,-0.011136694830576555,Front
0.01522275853312871,0.050966098342274724,Front
0.009898327706511778,0.12911029976698774,Front
-0.01977853595896384,0.057568422173918665,Front
0.007941676538985032,-0.03917438163622111,Front
-0.030364337896638838,0.01224387668137572,Front
0.021945902365519077,-0.0006776351023973781,Front
-0.022903306393498024,0.016672258915369498,Front
-0.00748883525575339,-0.04411265500748551,Front
0.07197294302035329,-0.0011921065958980792,Front
-0.014813017924324545,0.07642568531433369,Front
-0.021269855211711763,-0.029253493851394863,Front
-0.006788251809736634,-0.014289920128612632,Front
-0.014608967258998184,-0.03629299393211283,Front
0.01587981759277879,-0.003375545354987297,Front
-0.005487738562945932,-0.08911407031989516,Front
-0.03380292374784477,-0.03825717539397677,Front
0.003974887328972776,0.04289696643939833,Front
-0.0014607707098504008,-0.01714501352455622,Front
0.03769242877494472,0.10796635931067544,Front
-0.003359835960401014,0.07619095919505747,Front
-0.03931073227214266,0.05238675464659259,Front
0.027901929327903363,0.029812375423846182,Front
-0.01064127162402806,0.016193525393014885,Front
0.047420288625125484,0.05612345419148612,Front
-0.015530435182921742,-0.050539258001013554,Front
0.015071043561427522,-0.02179249349693524,Front
-0.007931123634070558,-0.042625966633828005,Front
-4.919565899319522e-06,0.047163477307903046,Front
-0.010802046613339167,-0.03451390894195261,Front
-0.008497107702092555,0.12251955825545502,Front
0.025029325424730353,0.14023471331384962,Front
0.041222939029567196,0.026606354390406706,Front
-0.005160789690682788,-0.013222740048138504,Front
-0.014584703634223928,-0.00026070514827414293,Front
0.021892959062366435,-0.04096384803079667,Front
-0.01856423297696219,-0.13289006159026084,Front
0.01559670978323946,0.0032857574033703374,Front
0.02086252015703638,0.014618528705759859,Front
-0.024252822316139455,0.055587910201659096,Front
-0.030577671672807782,-0.07918977782778591,Front
0.01796530975038746,0.04373960692054568,Front
-0.027064131836246785,0.0458113495362934,Front
-0.007975031819079215,0.04102706719860716,Front
-0.03167216643260107,0.07601328212656655,Front
-0.004704961132824259,-0.033495190064831704,Front
-0.014702383720911705,0.0961559802459393,Front
-0.027905152206458728,0.009508446864199271,Front
-0.01109823078759431,-0.021030914438419868,Front
-0.01305018618868825,-0.009570481781356999,Front
-0.001839499478158202,0.013604092729495365,Front
-0.005858561802072226,0.000275274188724528,Front
0.02338424092692859,0.014400050991058455,Front
0.0008480175770840814,0.040852698731994264,Front
0.01871740645273756,0.03370032338678963,Front
0.041482731079991786,-0.009763404179695345,Front
0.004903310832822139,0.022883897288864863,Front
-0.016035331598501457,0.08964767323935707,Front
0.02022331707546865,0.06976846509773105,Front
-0.008812483194416076,-0.007134768622946153,Front
-0.01645733370220681,0.07064564517876482,Front
-0.017707406447411755,0.05357683778687439,Front
0.003596506572733915,0.05686077144170498,Front
-0.007404576635368421,0.00546657140710427,Front
-0.011725434963652637,0.03294373752205748,Front
-0.03301470426473874,-0.03043111759007766,Front
0.018038020624695394,0.03505073739133091,Front
0.004338567742914301,-0.001483026486468919,Front
0.023572933395601514,0.055289007868290274,Front
0.003908224800011073,-0.06757147783039397,Front
0.010216673012777067,0.05699547803473415,Front
-0.006287972499426475,-0.07665634629527551,Front
-0.007212094838881078,0.003830389435779069,Front
0.00784308446692028,-0.013867841863782537,Front
-0.009406254157965366,0.03693052306610456,Front
-0.022653468534639787,0.019052992961360538,Front
-0.010652434444729075,0.050851188870122854,Front
-0.027851436174506583,0.09882360203638596,Front
-0.014170049761043413,0.10351099758746218,Front
-0.009298107300901637,-0.047334270618290875,Front
0.009197208431023784,0.03028518981790218,Front
-0.017180536868547147,0.08775725737174667,Front
0.0047430987654710766,-0.06421181660669362,Front
0.007026962702141759,0.05400939941936456,Front
0.043305378475127165,-0.003762470293871667,Front
-0.0028448857784105774,-0.020673465613621822,Front
